{
  "n_total": 20103,
  "n_sgm": 9907,
  "n_majority": 8772,
  "pct_sgm": 53.038171208308796,
  "mental_health_high_risk_sgm": 16.874546728075256,
  "mental_health_high_risk_maj": 3.962713254558132,
  "bullying_sgm": 30.546749187098364,
  "bullying_maj": 16.416798389467292
}