{
  "n_total": 20103,
  "n_sgm": 9907,
  "n_majority": 8772,
  "pct_sgm": 53.038171208308796,
  "mental_health_high_risk_sgm": 16.874546728075256,
  "mental_health_high_risk_maj": 3.962713254558132,
  "bullying_sgm": 73.37697891387552,
  "bullying_maj": 71.2814225582361
}